user_id,item_id,event_type,timestamp
user6,movie41,like,1747579770
user100,movie17,share,1747757745
user48,movie47,like,1747589111
user24,movie25,watch,1747700150
user69,movie35,watch,1748082251
user35,movie41,share,1748347238
user66,movie5,watch,1747513677
user13,movie17,like,1749395006
user13,movie1,share,1748873166
user22,movie6,like,1747159424
user59,movie40,share,1748506551
user4,movie17,share,1747255616
user87,movie49,watch,1748193701
user32,movie42,share,1747402627
user95,movie33,like,1747752343
user10,movie19,watch,1749135408
user76,movie5,share,1747649759
user54,movie26,like,1748870829
user56,movie47,like,1748964282
user25,movie36,like,1747265290
user55,movie43,like,1748495175
user7,movie49,share,1749044761
user43,movie46,like,1747803063
user98,movie5,watch,1748771284
user30,movie42,share,1748962878
user16,movie8,like,1748422193
user88,movie17,share,1747948144
user81,movie39,share,1748237434
user76,movie26,like,1748522813
user14,movie30,share,1748208563
user91,movie50,watch,1747027575
user20,movie39,like,1746947011
user69,movie22,like,1749272479
user88,movie2,like,1747552074
user77,movie3,like,1746890433
user9,movie27,watch,1749042402
user69,movie29,like,1748434097
user76,movie35,share,1748660236
user27,movie43,like,1749227128
user3,movie18,watch,1748466697
user70,movie5,like,1747042400
user82,movie8,watch,1747261843
user97,movie8,like,1746991964
user38,movie42,watch,1748458694
user2,movie5,share,1747138799
user3,movie32,watch,1749225734
user58,movie39,watch,1747528554
user32,movie46,like,1748492332
user88,movie43,share,1747117363
user24,movie42,share,1748398006
user87,movie27,watch,1748442356
user99,movie46,watch,1748546163
user65,movie25,like,1749168604
user91,movie42,share,1749340699
user79,movie12,share,1747419575
user66,movie30,watch,1747980022
user97,movie28,share,1746981886
user45,movie31,watch,1749422738
user34,movie31,watch,1749411742
user71,movie24,watch,1747519997
user51,movie43,share,1747042974
user80,movie49,like,1747579210
user83,movie11,share,1748548681
user75,movie25,like,1748275953
user45,movie42,watch,1747553288
user21,movie43,like,1747524593
user3,movie11,watch,1746975888
user43,movie33,share,1748784356
user45,movie49,watch,1747009814
user38,movie27,share,1748748239
user91,movie17,share,1746965335
user44,movie21,like,1748591973
user89,movie27,like,1747238370
user92,movie46,like,1749164556
user16,movie17,watch,1749212325
user81,movie36,share,1747443461
user94,movie15,watch,1747203411
user51,movie21,like,1748856680
user41,movie44,share,1748968639
user19,movie1,watch,1749041779
user97,movie21,watch,1747482890
user27,movie32,share,1748914002
user98,movie24,watch,1747883115
user34,movie39,like,1747893229
user34,movie34,like,1749353456
user71,movie47,like,1747043192
user6,movie41,watch,1749050953
user54,movie24,like,1747241086
user79,movie2,watch,1749091775
user85,movie29,watch,1748797536
user46,movie32,like,1748015109
user14,movie6,share,1747506725
user94,movie44,watch,1749444164
user72,movie1,like,1747204052
user63,movie50,like,1748189519
user50,movie32,watch,1748483732
user71,movie8,watch,1748887016
user61,movie47,like,1749213066
user25,movie12,like,1747029566
user52,movie40,like,1747875151
user15,movie48,like,1748178103
user39,movie24,like,1747042278
user28,movie16,like,1748862837
user47,movie48,like,1749065229
user76,movie43,like,1748477763
user59,movie3,watch,1746960427
user99,movie21,watch,1748433832
user5,movie8,watch,1747949993
user7,movie22,share,1747909323
user93,movie18,watch,1747091875
user78,movie46,share,1747527952
user31,movie50,watch,1749163140
user41,movie23,watch,1749076901
user8,movie47,watch,1748193196
user100,movie33,like,1748121662
user78,movie48,like,1746872510
user59,movie23,share,1748452477
user78,movie14,share,1748541659
user2,movie44,share,1749082788
user4,movie18,watch,1747517905
user76,movie10,share,1748106744
user47,movie47,watch,1747404048
user62,movie9,share,1747897980
user46,movie3,watch,1749345999
user51,movie49,watch,1747467886
user20,movie22,like,1749329253
user24,movie15,watch,1749102632
user85,movie6,share,1748642889
user73,movie19,like,1747985730
user15,movie26,like,1747108919
user48,movie35,share,1749422185
user21,movie24,like,1748135881
user8,movie28,like,1747657849
user43,movie20,like,1747443878
user83,movie44,like,1749029496
user83,movie35,like,1749314333
user77,movie6,watch,1748642105
user25,movie40,like,1748747664
user85,movie33,watch,1748615604
user63,movie43,share,1748027664
user29,movie10,like,1747643589
user65,movie30,watch,1747383245
user43,movie32,like,1748841902
user30,movie47,share,1748114913
user44,movie11,share,1747643020
user100,movie29,like,1748913412
user70,movie32,like,1746866227
user12,movie45,watch,1747943441
user77,movie5,like,1749118227
user91,movie1,share,1747544480
user88,movie39,watch,1747431986
user43,movie37,share,1748444173
user12,movie38,like,1748996474
user47,movie16,watch,1748531133
user55,movie17,watch,1747585564
user4,movie28,watch,1747647905
user72,movie16,share,1747556023
user55,movie9,share,1747920423
user96,movie32,watch,1747761986
user9,movie22,watch,1747684909
user19,movie19,watch,1748054793
user89,movie48,share,1747533670
user82,movie5,like,1748926901
user14,movie21,watch,1747496207
user14,movie46,watch,1748955889
user36,movie4,like,1748387901
user44,movie31,like,1748235192
user75,movie1,share,1747622416
user56,movie36,watch,1747313103
user72,movie19,share,1749419638
user58,movie38,share,1747937748
user50,movie41,share,1747955082
user73,movie1,like,1749256894
user47,movie36,watch,1748223184
user52,movie21,watch,1748378650
user88,movie15,share,1748445575
user65,movie42,share,1749313012
user52,movie46,share,1747736461
user27,movie29,share,1748262960
user8,movie21,share,1749131130
user19,movie48,like,1749059412
user22,movie40,watch,1748306067
user85,movie19,watch,1747154264
user92,movie20,like,1747340363
user26,movie30,share,1749048603
user100,movie21,like,1747736182
user66,movie2,watch,1747523757
user78,movie36,like,1748317778
user79,movie47,like,1748849547
user26,movie29,share,1747321574
user19,movie43,like,1748632032
user56,movie3,share,1747207910
user76,movie3,like,1748376558
user88,movie30,share,1746948746
user78,movie5,share,1749112628
user97,movie45,like,1747012884
user54,movie12,like,1747728515
user24,movie26,share,1747284882
user69,movie43,share,1747294428
user70,movie32,share,1748809297
user56,movie25,like,1749157833
user64,movie44,share,1747116797
user2,movie26,watch,1747063384
user98,movie46,watch,1748775636
user92,movie14,share,1749009233
user37,movie36,share,1749231269
user39,movie9,like,1749214946
user7,movie14,share,1748626673
user74,movie30,watch,1747596170
user31,movie27,share,1748941138
user57,movie46,share,1748097544
user3,movie22,watch,1747821437
user87,movie41,like,1748503465
user83,movie35,watch,1747285207
user34,movie30,like,1748590774
user99,movie14,share,1747546113
user100,movie31,share,1748664642
user3,movie35,like,1749058855
user16,movie29,like,1747928656
user69,movie45,like,1747630798
user68,movie25,like,1747183913
user85,movie47,watch,1748316822
user49,movie43,like,1749070875
user73,movie45,watch,1747599833
user90,movie23,watch,1748638651
user84,movie13,watch,1747969403
user31,movie32,share,1747148953
user32,movie29,watch,1748073949
user43,movie35,watch,1749326764
user27,movie47,like,1749399328
user63,movie44,watch,1747153154
user18,movie26,like,1748385862
user8,movie40,watch,1747197786
user73,movie29,share,1748023073
user46,movie3,watch,1749280792
user25,movie27,watch,1748602399
user50,movie38,share,1746978188
user98,movie9,share,1749066554
user44,movie39,like,1747551410
user64,movie46,like,1748287729
user65,movie20,like,1747088841
user90,movie18,like,1747897020
user73,movie12,watch,1747697542
user82,movie46,like,1747319875
user41,movie16,share,1749020935
user1,movie17,share,1747825190
user71,movie9,share,1746945984
user62,movie44,watch,1747467007
user58,movie13,watch,1748507040
user65,movie47,like,1747646185
user59,movie20,like,1747079777
user97,movie43,share,1747406144
user41,movie30,share,1747215671
user35,movie11,watch,1746901714
user67,movie25,share,1748126308
user100,movie47,watch,1748572834
user26,movie48,share,1747282418
user24,movie21,share,1749301700
user21,movie25,share,1748308456
user94,movie36,share,1748276046
user72,movie23,like,1747087055
user24,movie25,like,1748193107
user60,movie35,like,1747785521
user78,movie45,watch,1747411378
user2,movie23,watch,1747438252
user51,movie31,like,1748842219
user85,movie23,watch,1748879027
user83,movie40,watch,1747847924
user52,movie39,watch,1748472135
user41,movie39,watch,1747988859
user94,movie32,share,1747950241
user74,movie31,like,1748150303
user87,movie20,like,1748731265
user74,movie20,watch,1748243094
user13,movie14,like,1747784486
user21,movie37,share,1748113079
user25,movie4,watch,1749114730
user87,movie19,like,1749411969
user54,movie30,watch,1749401945
user46,movie12,watch,1747859748
user43,movie14,share,1748666309
user50,movie13,watch,1748280688
user32,movie42,share,1749018779
user23,movie47,share,1747648056
user100,movie34,like,1748335217
user56,movie33,like,1747672071
user86,movie38,watch,1748688786
user29,movie4,watch,1747051159
user5,movie19,share,1747982385
user3,movie4,watch,1749145623
user80,movie17,share,1748035716
user1,movie33,share,1747706076
user38,movie10,like,1746951111
user36,movie36,share,1747500283
user97,movie4,like,1748736584
user28,movie38,like,1748783450
user86,movie34,watch,1747464503
user27,movie30,watch,1748683281
user51,movie38,like,1747672670
user93,movie40,share,1747497565
user61,movie19,like,1747028870
user46,movie45,share,1748419021
user8,movie18,like,1747543794
user67,movie33,like,1748087397
user19,movie29,like,1747310697
user45,movie36,share,1747489681
user4,movie31,like,1747409666
user23,movie39,watch,1748264299
user25,movie20,share,1747652261
user52,movie34,share,1747429716
user18,movie8,share,1747254861
user19,movie26,watch,1747317701
user94,movie5,share,1747935977
user85,movie7,watch,1748004441
user51,movie3,like,1749049619
user54,movie1,like,1747237637
user22,movie2,share,1747069581
user13,movie43,like,1747808010
user92,movie10,watch,1748883239
user42,movie3,like,1747137978
user21,movie18,share,1748669410
user52,movie16,watch,1747332202
user16,movie34,like,1749218259
user84,movie21,like,1748527435
user75,movie8,watch,1748214755
user34,movie49,watch,1748291292
user23,movie39,like,1747147481
user26,movie10,like,1748674325
user64,movie9,like,1747936247
user80,movie2,watch,1747018000
user10,movie28,watch,1748197009
user11,movie23,watch,1747816945
user95,movie48,like,1748484451
user95,movie38,share,1749362444
user55,movie2,watch,1748861327
user63,movie3,share,1747975444
user83,movie43,watch,1747923304
user60,movie9,watch,1748643165
user19,movie35,share,1746945335
user63,movie17,share,1747013830
user3,movie31,share,1747153958
user95,movie23,like,1749343200
user59,movie35,watch,1747985265
user68,movie37,share,1747373325
user74,movie28,watch,1747334108
user87,movie29,share,1747529017
user67,movie4,like,1749242401
user49,movie14,share,1748956770
user12,movie35,watch,1748124299
user2,movie31,watch,1749217961
user62,movie2,share,1746908373
user51,movie23,share,1747735827
user57,movie21,like,1748307105
user30,movie37,share,1749176263
user4,movie8,watch,1748368100
user23,movie10,watch,1748805206
user48,movie8,watch,1747021539
user75,movie29,like,1748269917
user75,movie32,share,1748190757
user46,movie20,like,1748578334
user65,movie6,like,1749289755
user29,movie5,share,1748452988
user52,movie41,share,1747123239
user35,movie35,watch,1747713263
user45,movie41,watch,1747488113
user92,movie48,watch,1748741446
user69,movie37,like,1747284420
user82,movie19,watch,1748114574
user28,movie49,watch,1748860403
user61,movie31,share,1749431389
user27,movie2,watch,1748297905
user97,movie39,share,1747238975
user21,movie1,like,1747660480
user87,movie2,watch,1747334073
user93,movie50,like,1747487287
user50,movie40,like,1747569275
user9,movie16,share,1746891470
user1,movie4,share,1749025574
user12,movie42,share,1749387079
user52,movie35,share,1749114001
user79,movie36,share,1747555032
user84,movie48,share,1749147316
user48,movie27,like,1749096544
user85,movie36,share,1749417357
user21,movie42,like,1749441303
user57,movie19,watch,1747015992
user65,movie23,like,1749313647
user19,movie47,like,1748964123
user77,movie17,like,1748391779
user5,movie19,like,1748229304
user5,movie34,watch,1747270015
user37,movie38,like,1747877429
user75,movie31,share,1747199701
user76,movie44,share,1749398135
user6,movie38,like,1749413218
user5,movie17,share,1748913606
user93,movie19,like,1747079972
user28,movie3,share,1747751258
user90,movie31,watch,1747783510
user29,movie46,share,1749162442
user7,movie45,share,1748231198
user3,movie14,like,1748920788
user17,movie44,share,1747549722
user97,movie17,share,1748818681
user42,movie22,watch,1748677871
user56,movie12,like,1749378044
user40,movie20,watch,1748501492
user81,movie44,watch,1747596716
user48,movie11,like,1749036147
user24,movie22,like,1748353428
user68,movie48,watch,1748955024
user100,movie34,share,1747727146
user62,movie22,share,1747482424
user84,movie2,like,1747801823
user82,movie38,watch,1747518690
user60,movie31,like,1749170265
user96,movie27,share,1748265810
user42,movie8,share,1748823136
user47,movie10,watch,1748306955
user26,movie19,like,1749437742
user53,movie33,like,1748216355
user3,movie12,like,1748587008
user54,movie19,share,1749073578
user63,movie33,share,1748838157
user75,movie20,watch,1747226162
user58,movie24,watch,1748472004
user99,movie15,watch,1748360306
user77,movie22,like,1747556872
user29,movie17,share,1747470554
user32,movie4,watch,1747105248
user79,movie28,share,1748561454
user79,movie9,like,1749324214
user75,movie41,like,1748327322
user59,movie21,watch,1748237131
user100,movie8,share,1748941680
user89,movie17,watch,1747134229
user67,movie37,share,1747780624
user68,movie5,share,1747988168
user26,movie50,share,1749303951
user74,movie32,watch,1747754757
user48,movie37,share,1747849890
user44,movie7,like,1749271176
user19,movie13,share,1748985693
user68,movie24,watch,1747914326
user35,movie39,share,1747004836
user89,movie3,watch,1746986119
user4,movie11,share,1747766623
user7,movie19,like,1747704147
user50,movie38,watch,1747206915
user18,movie25,share,1748280162
user39,movie48,share,1746865295
user23,movie11,watch,1748972770
user21,movie29,share,1746870769
user39,movie30,watch,1747383839
user14,movie19,share,1747597644
user71,movie10,share,1748625312
user17,movie36,like,1748227430
user36,movie13,like,1747646153
user94,movie5,watch,1748925717
user5,movie12,share,1747779180
user40,movie24,watch,1749379349
user47,movie50,share,1747357984
user88,movie14,share,1748639528
user94,movie49,watch,1749140773
user42,movie18,share,1748288481
user58,movie41,like,1747721474
user49,movie8,share,1748842670
user62,movie49,share,1747392293
user48,movie7,watch,1746858253
user100,movie42,watch,1748191671
user44,movie28,watch,1747721303
user60,movie14,watch,1747173947
user21,movie3,share,1748761494
user50,movie22,like,1747745208
user85,movie13,share,1748443365
user39,movie20,watch,1749186232
user46,movie20,share,1748817044
user34,movie14,like,1749248192
user90,movie25,like,1748530757
user50,movie10,like,1748398820
user45,movie2,watch,1749229520
user50,movie29,share,1748931363
user91,movie17,like,1749109678
user40,movie37,like,1747997689
user87,movie24,watch,1748711446
user66,movie29,watch,1748487428
user34,movie29,like,1747804148
user52,movie44,like,1747798725
user57,movie25,watch,1748265220
user18,movie32,like,1748375893
user38,movie25,watch,1747086498
user45,movie13,like,1747943461
user39,movie41,watch,1748176829
user64,movie21,share,1747328144
user71,movie45,like,1747052762
user33,movie15,like,1748784816
user64,movie17,share,1748278152
user45,movie22,like,1747953315
user45,movie18,share,1747162930
user42,movie45,share,1747920554
user52,movie18,like,1748402868
user7,movie30,like,1748252846
user78,movie46,like,1748471934
user86,movie39,share,1748196730
user61,movie34,share,1747020426
user34,movie16,watch,1747303501
user56,movie40,like,1749122053
user15,movie37,like,1747996064
user52,movie3,share,1748322512
user39,movie22,watch,1749437989
user59,movie1,like,1747145988
user5,movie16,like,1747435075
user99,movie41,share,1747128737
user29,movie8,watch,1747925901
user72,movie8,like,1747001414
user48,movie2,share,1747354205
user86,movie15,watch,1749004845
user88,movie35,share,1748217538
user79,movie23,like,1746872886
user46,movie5,watch,1747641844
user71,movie23,watch,1747642368
user21,movie48,watch,1747446897
user44,movie33,watch,1747215181
user98,movie35,like,1748705572
user48,movie45,share,1748281641
user62,movie9,like,1747797949
user48,movie15,watch,1747248518
user50,movie3,share,1749346119
user41,movie6,watch,1747270931
user37,movie17,like,1748161631
user96,movie8,share,1748529444
user40,movie6,watch,1747995534
user42,movie30,share,1748604231
user29,movie39,like,1746869884
user38,movie29,watch,1749217066
user18,movie16,like,1748321306
user100,movie5,watch,1748161861
user39,movie19,share,1749033832
user78,movie34,share,1748948628
user88,movie38,share,1748994835
user52,movie2,like,1747346689
user17,movie3,like,1747413204
user58,movie16,watch,1749442153
user15,movie34,watch,1747598383
user31,movie29,share,1747343519
user6,movie17,like,1747530525
user30,movie40,watch,1748079105
user54,movie48,watch,1746879597
user53,movie23,like,1747336782
user58,movie26,watch,1746976043
user48,movie41,like,1747300056
user78,movie3,like,1748837975
user49,movie39,share,1748686932
user14,movie38,share,1748849956
user14,movie32,like,1748452555
user19,movie10,like,1748692418
user6,movie7,share,1748261383
user76,movie23,like,1747697489
user23,movie23,watch,1749008616
user88,movie14,watch,1747808288
user45,movie46,watch,1747894939
user79,movie30,like,1749432896
user94,movie2,like,1748904231
user93,movie33,watch,1749111648
user22,movie6,share,1747957375
user98,movie43,like,1748928074
user99,movie26,watch,1748183680
user10,movie15,like,1749387917
user77,movie49,share,1748215154
user90,movie1,share,1748486504
user23,movie34,share,1748764303
user55,movie20,watch,1749274594
user64,movie6,share,1747359779
user65,movie28,watch,1748047621
user64,movie16,watch,1747854309
user12,movie14,watch,1749385998
user14,movie39,like,1748201566
user81,movie14,share,1749429662
user76,movie25,watch,1748160329
user90,movie40,like,1748510070
user45,movie34,watch,1748397048
user42,movie7,like,1746856542
user68,movie10,like,1748613805
user67,movie4,like,1748342562
user60,movie49,like,1748515134
user35,movie11,like,1747171438
user22,movie45,share,1749046277
user40,movie36,share,1747764142
user80,movie21,like,1747443411
user89,movie50,watch,1748562429
user24,movie1,share,1748136312
user18,movie49,watch,1746860882
user42,movie20,like,1747446816
user80,movie27,like,1749189034
user29,movie28,share,1747218428
user21,movie31,like,1749183714
user34,movie42,watch,1748090037
user96,movie20,like,1748540180
user1,movie38,like,1747885539
user33,movie33,share,1747794609
user89,movie13,share,1748998275
user11,movie49,share,1748787502
user91,movie43,share,1747883435
user66,movie48,share,1748034482
user8,movie27,like,1749132282
user87,movie30,share,1747074356
user100,movie10,like,1748378739
user98,movie9,like,1748153851
user74,movie47,watch,1748612623
user87,movie4,like,1749352092
user3,movie20,watch,1747341763
user68,movie22,watch,1747513368
user51,movie11,share,1747983389
user98,movie46,watch,1748823233
user19,movie37,share,1748166286
user83,movie24,share,1747607311
user77,movie47,like,1749097690
user8,movie22,watch,1747274383
user38,movie2,watch,1746881837
user6,movie3,watch,1748037260
user63,movie2,share,1747743463
user55,movie41,like,1748498590
user51,movie49,like,1748114022
user29,movie25,watch,1748052754
user56,movie11,share,1748869384
user67,movie1,like,1746942945
user3,movie50,share,1749383214
user43,movie41,watch,1748482904
user97,movie15,watch,1747722296
user67,movie38,watch,1747188403
user93,movie37,share,1747401690
user67,movie36,share,1748160433
user59,movie46,like,1749341989
user5,movie17,like,1749057899
user27,movie27,share,1749380892
user53,movie37,like,1748417842
user30,movie27,like,1747901366
user100,movie36,watch,1747727273
user81,movie18,like,1749197842
user6,movie24,share,1748176146
user98,movie14,share,1747319460
user98,movie32,share,1747672023
user15,movie18,watch,1749353153
user26,movie3,share,1747285030
user17,movie7,like,1748021808
user13,movie9,like,1748059110
user75,movie3,watch,1747156973
user74,movie29,like,1747666659
user53,movie37,like,1748923131
user27,movie29,like,1747485933
user16,movie34,watch,1749233537
user83,movie41,watch,1749278697
user59,movie44,share,1747403120
user52,movie33,like,1749396601
user89,movie39,like,1749273283
user29,movie1,share,1747550485
user36,movie8,share,1748316167
user63,movie46,like,1747220369
user12,movie18,watch,1747971080
user68,movie45,share,1747904168
user63,movie39,share,1747840745
user7,movie8,share,1748920702
user32,movie44,watch,1747342638
user32,movie4,like,1747989243
user24,movie14,like,1748303794
user87,movie41,like,1747944544
user46,movie39,share,1748843522
user13,movie10,share,1748863322
user38,movie38,like,1747528799
user50,movie27,share,1749125619
user61,movie39,share,1748408874
user8,movie26,share,1748388031
user68,movie16,share,1746859755
user35,movie23,share,1749276574
user50,movie1,share,1748518629
user65,movie43,share,1747670791
user32,movie44,share,1747009242
user14,movie46,watch,1747255868
user39,movie36,share,1748135554
user39,movie27,share,1748198339
user20,movie7,watch,1749301286
user39,movie20,watch,1747384236
user82,movie40,like,1747350343
user34,movie8,like,1748620011
user62,movie26,share,1747999486
user5,movie8,like,1747220782
user30,movie42,share,1747072751
user41,movie21,share,1748568222
user14,movie17,share,1748994437
user28,movie14,like,1748722085
user17,movie36,like,1748608139
user21,movie18,watch,1748865490
user29,movie24,share,1749174875
user49,movie13,like,1747573308
user39,movie2,share,1747739389
user91,movie50,share,1748354933
user58,movie1,like,1748132937
user48,movie14,watch,1748098893
user76,movie13,like,1747569923
user59,movie32,share,1748554820
user66,movie6,watch,1748157708
user64,movie1,like,1746886276
user11,movie45,share,1749105212
user30,movie18,watch,1748597446
user62,movie17,watch,1749131564
user51,movie15,like,1748656823
user72,movie5,share,1747234057
user81,movie19,like,1748517131
user61,movie13,share,1747553965
user25,movie2,like,1749125781
user54,movie48,watch,1748022987
user96,movie10,watch,1746888653
user89,movie5,watch,1747229013
user29,movie29,share,1747029827
user30,movie36,share,1747804237
user21,movie20,watch,1748670235
user7,movie29,like,1747969727
user76,movie19,watch,1749366865
user68,movie49,share,1748256488
user72,movie23,like,1746942527
user36,movie41,share,1749389167
user69,movie47,like,1747065690
user15,movie43,watch,1749326583
user35,movie46,share,1748359299
user10,movie27,watch,1747174450
user77,movie42,watch,1748591389
user25,movie15,like,1747121507
user60,movie32,watch,1747910581
user62,movie43,like,1748922400
user59,movie18,share,1747359525
user7,movie6,watch,1747738067
user26,movie25,watch,1747629691
user48,movie41,like,1748211105
user81,movie15,share,1746984172
user76,movie50,watch,1747259539
user59,movie19,like,1747057325
user66,movie32,share,1748107104
user82,movie37,watch,1747801232
user22,movie31,like,1749208054
user61,movie19,like,1749401648
user19,movie22,share,1747421145
user65,movie38,like,1747348055
user86,movie46,watch,1746922125
user20,movie32,share,1748910979
user3,movie11,share,1748706998
user9,movie46,watch,1748633330
user31,movie11,like,1749367494
user47,movie23,share,1749139005
user97,movie17,like,1748959997
user65,movie5,watch,1748972341
user32,movie35,share,1748531937
user46,movie31,share,1749301836
user11,movie5,watch,1748102202
user27,movie40,watch,1747856328
user65,movie46,like,1748905579
user10,movie43,share,1747243574
user84,movie20,watch,1747419324
user20,movie1,watch,1748054380
user62,movie23,like,1749145570
user87,movie4,watch,1747906718
user66,movie2,watch,1747549469
user27,movie10,like,1747774179
user70,movie4,like,1747954613
user3,movie22,like,1748081795
user13,movie14,watch,1747116976
user45,movie18,share,1748442360
user77,movie49,share,1746874847
user84,movie6,like,1747970104
user88,movie17,like,1748612019
user13,movie20,like,1747202574
user6,movie14,share,1747915298
user4,movie23,watch,1747950284
user77,movie47,share,1746999036
user70,movie35,share,1748713564
user67,movie32,watch,1748744713
user72,movie50,watch,1747673204
user21,movie41,like,1748061893
user87,movie29,watch,1749253542
user45,movie37,share,1748947356
user82,movie14,like,1748634128
user6,movie35,share,1748329814
user49,movie49,share,1748075034
user69,movie12,like,1747075164
user84,movie11,share,1747026277
user45,movie10,like,1748037228
user3,movie45,share,1748551871
user79,movie15,like,1748567274
user39,movie9,share,1747555264
user5,movie26,like,1748175827
user95,movie50,like,1747985722
user19,movie21,like,1747854167
user19,movie2,watch,1747112232
user10,movie9,like,1748639156
user55,movie19,like,1747689734
user28,movie27,watch,1748999177
user38,movie24,like,1747708067
user37,movie36,watch,1747512424
user52,movie15,like,1748562946
user65,movie27,watch,1748099636
user70,movie49,share,1749341883
user3,movie15,watch,1747351348
user29,movie33,share,1747623896
user29,movie34,share,1748308616
user27,movie41,share,1748610549
user63,movie3,watch,1747707195
user79,movie33,share,1748789701
user27,movie48,like,1749209091
user81,movie16,like,1749329020
user47,movie12,share,1749160957
user72,movie50,like,1748157766
user39,movie35,like,1747045594
user71,movie50,like,1747744199
user71,movie25,share,1747223561
user1,movie44,watch,1749097991
user2,movie5,share,1748582243
user77,movie23,like,1747187782
user63,movie17,watch,1748226899
user89,movie26,like,1748896562
user71,movie11,share,1747819801
user29,movie16,like,1747846778
user96,movie10,share,1747748842
user74,movie46,watch,1748924742
user67,movie12,like,1748305660
user56,movie11,like,1749137049
user80,movie38,watch,1749262098
user70,movie9,watch,1749204051
user47,movie22,like,1748605267
user66,movie40,like,1746861882
user28,movie3,share,1746875561
user82,movie34,watch,1747539242
user14,movie40,share,1749424192
user77,movie22,watch,1748780495
user82,movie4,like,1747920730
user70,movie4,share,1747029643
user47,movie36,like,1747859275
user75,movie37,watch,1747525574
user6,movie15,like,1747329915
user20,movie20,like,1748339592
user86,movie13,like,1748395385
user5,movie44,watch,1749207857
user75,movie13,share,1748469243
user56,movie28,share,1747949935
user26,movie38,like,1749391062
user34,movie5,share,1747584989
user91,movie40,watch,1749269913
user97,movie17,like,1747058750
user19,movie20,share,1749002981
user55,movie41,share,1748013260
user83,movie7,watch,1748604686
user78,movie48,watch,1746974666
user97,movie36,watch,1748869764
user15,movie23,watch,1749375248
user10,movie22,like,1747169872
user79,movie14,share,1748677064
user68,movie18,share,1748900689
user24,movie16,like,1749301522
user1,movie26,like,1748645236
user3,movie9,like,1749008120
user1,movie15,share,1748531637
user63,movie1,like,1748704591
user8,movie8,share,1749423740
user92,movie37,like,1749432422
user24,movie28,watch,1747798608
user94,movie19,like,1749314460
user94,movie34,like,1748979956
user62,movie2,share,1748808630
user100,movie39,like,1746915562
user56,movie22,watch,1747222600
user27,movie7,watch,1748148468
user21,movie20,watch,1748601610
user43,movie33,watch,1749262802
user74,movie45,like,1747618742
user92,movie6,like,1747325177
user45,movie43,share,1748807509
user93,movie21,watch,1749090328
user94,movie45,watch,1747440558
user82,movie24,like,1746931958
user77,movie28,like,1748731479
user18,movie31,share,1748557585
user46,movie6,share,1748452772
user58,movie9,like,1747990081
user53,movie37,share,1747445789
user27,movie23,like,1748746387
user71,movie26,watch,1748363834
user83,movie25,share,1748693855
user25,movie27,share,1747889147
user73,movie23,watch,1747493665
user41,movie6,share,1748512898
user79,movie46,share,1749221028
user37,movie18,share,1748431118
user63,movie50,share,1747861709
user63,movie20,share,1748706265
user76,movie35,watch,1748851631
user24,movie5,watch,1747478060
user92,movie11,like,1749128000
user31,movie37,watch,1747293845
user77,movie39,like,1747877424
user84,movie3,like,1749040769
user40,movie17,share,1747593853
user83,movie9,share,1748420058
user80,movie17,like,1748532194
user2,movie31,watch,1747927831
user90,movie44,watch,1749429369
user97,movie3,watch,1749138906
user88,movie7,like,1748511938
user75,movie13,like,1747384967
user3,movie9,watch,1749116605
user36,movie50,share,1747470327
user15,movie31,like,1748281160
user11,movie34,share,1747157383
user38,movie38,like,1747586264
user32,movie7,share,1749087287
user17,movie50,like,1749197074
user93,movie14,like,1748166262
user3,movie35,like,1749184741
user82,movie36,share,1748227007
user31,movie47,like,1747699439
user42,movie32,watch,1748953125
user67,movie43,share,1747827880
user63,movie5,watch,1747186313
user44,movie29,watch,1749275740
user79,movie16,like,1748141261
user80,movie2,share,1748496596
user28,movie9,watch,1746901518
user56,movie9,share,1748398238
user29,movie36,share,1748593878
user47,movie14,watch,1747118789
user49,movie36,share,1746887362
user12,movie17,watch,1747960647
user9,movie15,share,1748767554
user31,movie28,like,1747123930
user44,movie1,share,1748030439
user25,movie45,like,1748770715
user12,movie8,watch,1747840038
user1,movie35,share,1747053085
user56,movie27,watch,1748483043
user29,movie46,share,1747109686
user40,movie45,like,1747990123
user14,movie13,share,1748238178
user83,movie28,watch,1747343986
user45,movie19,share,1746952049
user8,movie37,watch,1749287080
user87,movie46,share,1747539676
user74,movie8,watch,1748769808
user15,movie32,like,1748368748
user84,movie17,like,1748957483
user78,movie12,watch,1747102569
user68,movie49,like,1746942774
user36,movie16,watch,1748266492
user57,movie41,like,1749341712
user28,movie26,share,1747389019
user7,movie3,share,1749432736
user54,movie49,watch,1746900798
user91,movie27,watch,1747545455
user29,movie48,like,1747492817
user45,movie41,watch,1747190442
user18,movie44,share,1747054199
user64,movie25,watch,1747609954
user69,movie45,share,1747097762
user8,movie42,watch,1748356404
user96,movie5,share,1747444715
user49,movie8,like,1747777110
user18,movie40,watch,1748737755
user81,movie24,like,1747842106
user91,movie44,share,1749108937
user26,movie28,share,1748645511
user15,movie46,like,1747816661
user74,movie41,share,1748270254
user73,movie23,watch,1748391734
user66,movie12,like,1747524083
user33,movie21,share,1749362601
user55,movie18,share,1748828135
user100,movie6,like,1748475884
user39,movie20,share,1747753937
user5,movie40,share,1748931084
user90,movie9,watch,1748311747
user65,movie6,like,1746897953
user1,movie21,share,1747889258
user21,movie46,share,1749101653
user13,movie40,watch,1748053012
user67,movie50,share,1748034850
user53,movie39,watch,1747753410
user96,movie23,watch,1748361174
user66,movie1,watch,1747712529
user25,movie20,share,1748606130
user53,movie45,share,1746882759
user12,movie17,share,1749387312
user84,movie29,like,1747781197
user12,movie14,share,1748435654
user3,movie49,like,1748023126
user22,movie40,share,1749429243
user74,movie37,like,1747750527
user48,movie17,like,1747052050
user6,movie3,like,1747566079
user86,movie4,share,1748984244
user48,movie14,like,1747599864
user40,movie28,like,1748759027
user14,movie45,share,1748309265
user76,movie35,watch,1747988930
user67,movie19,share,1749072918
user56,movie30,watch,1749014324
user76,movie44,like,1747543921
user49,movie36,like,1746935061
user40,movie1,watch,1748895511
user22,movie6,watch,1747162161
user71,movie17,watch,1748052451
user96,movie37,share,1747629626
user68,movie40,watch,1748724466
user83,movie42,watch,1747811256
user78,movie29,like,1748537408
user7,movie43,like,1748163704
user81,movie25,share,1749435854
user11,movie12,like,1747208365
user23,movie49,share,1748777651
user38,movie30,like,1747942477
user87,movie22,like,1748399711
user94,movie49,share,1746863690
user59,movie46,share,1749310501
user55,movie4,like,1747179298
user21,movie21,watch,1748965753
user87,movie4,watch,1748774451
user16,movie20,like,1747450214
user15,movie42,like,1749015508
user22,movie31,watch,1748314932
user68,movie8,watch,1749392398
user86,movie35,like,1747146801
user57,movie38,watch,1748422783
user22,movie41,share,1748306182
user47,movie29,watch,1748639718
user4,movie5,like,1748361067
user92,movie23,like,1746914050
user66,movie49,like,1747573566
user4,movie42,share,1747654442
user73,movie31,watch,1749426640
user85,movie49,like,1747310477
user15,movie5,share,1747403684
user16,movie40,like,1748123768
user49,movie24,watch,1748588452
user1,movie14,share,1749422263
user100,movie41,watch,1748862743
user64,movie40,watch,1748177596
user71,movie44,watch,1747929161
user96,movie37,watch,1747711297
user61,movie23,watch,1748552604
user83,movie27,like,1747933796
user62,movie46,watch,1749273138
user35,movie48,watch,1747329042
user77,movie31,share,1747195303
user16,movie9,watch,1747527694
user46,movie2,watch,1748230376
user35,movie29,watch,1749400946
user29,movie43,like,1748556466
user77,movie6,watch,1747226014
user51,movie29,like,1749024739
user80,movie29,share,1747500028
user100,movie9,like,1749269133
user75,movie16,watch,1747071994
user97,movie3,like,1749223402
user48,movie10,share,1749281966
user44,movie6,share,1748891770
user9,movie11,share,1747021894
user90,movie3,share,1749004615
user48,movie41,share,1747304811
user32,movie2,like,1747685385
user8,movie41,like,1747240833
user4,movie9,like,1748687868
user82,movie41,share,1747038485
user85,movie16,like,1747039174
user54,movie40,watch,1748479976
user67,movie1,share,1747011849
user97,movie30,watch,1747717607
user39,movie25,share,1749293225
user73,movie34,share,1749253147
user16,movie22,like,1747244123
user2,movie43,like,1748599579
user98,movie44,watch,1747196679
user36,movie6,like,1747444478
user57,movie31,share,1747294597
user25,movie14,share,1748760823
user28,movie35,watch,1747432381
user47,movie32,share,1748863861
user25,movie13,watch,1747246451
user12,movie42,watch,1749375586
user98,movie4,watch,1747104279
user5,movie34,share,1748940304
user73,movie23,share,1747725570
user9,movie38,like,1747494286
user50,movie13,like,1746882989
user99,movie26,watch,1747979381
user88,movie13,like,1747199205
user42,movie45,share,1747558683
user71,movie41,watch,1749089988
user21,movie16,watch,1747840906
user28,movie5,share,1748174622
user93,movie33,like,1747533159
user94,movie3,like,1747523417
user68,movie43,watch,1748740116
user81,movie13,watch,1748759163
user51,movie44,like,1748260954
user77,movie40,like,1747920279
user82,movie34,like,1749121384
user93,movie15,like,1747474811
user56,movie41,share,1748343388
user84,movie24,share,1747253412
user21,movie8,watch,1748938336
user36,movie19,like,1749347879
user28,movie24,share,1748983750
user64,movie33,share,1747216877
user33,movie28,share,1748068624
user70,movie18,like,1748401379
user22,movie41,like,1747871679
user50,movie46,share,1749256548
user41,movie19,share,1747412749
user59,movie8,watch,1749281144
user43,movie28,share,1747722058
user55,movie45,share,1747970502
user68,movie36,watch,1748685661
user69,movie28,like,1748245119
user95,movie49,watch,1748520233
user89,movie31,like,1748272142
user46,movie43,watch,1747363712
user51,movie48,like,1747971144
user33,movie39,share,1746994482
user87,movie21,watch,1748052186
user5,movie43,like,1747903224
user9,movie43,like,1747110784
user7,movie15,like,1749277446
user87,movie39,watch,1748587613
user82,movie6,share,1747416709
user84,movie18,share,1748656239
user16,movie13,share,1749168101
user57,movie20,like,1748832468
user22,movie48,share,1748354305
user92,movie5,share,1747630509
user78,movie41,share,1748708017
user59,movie5,share,1746955087
user63,movie43,share,1749122782
user34,movie50,share,1747048948
user27,movie13,share,1748462637
user33,movie2,like,1747314050
user43,movie16,watch,1747209220
user75,movie19,watch,1748645684
user39,movie50,like,1746971508
user20,movie41,watch,1747687110
user60,movie44,share,1748193043
user65,movie27,watch,1749119032
user26,movie4,watch,1748860963
user1,movie26,like,1747238786
user26,movie28,like,1748813900
user77,movie28,like,1748537079
user18,movie34,share,1747031187
user20,movie10,watch,1748336399
user56,movie42,watch,1749349045
user28,movie37,like,1748675945
user72,movie31,watch,1747302631
user67,movie25,like,1747157531
user93,movie4,watch,1747159848
user92,movie20,watch,1748585911
user4,movie42,watch,1746939645
user36,movie8,like,1748145340
user27,movie2,like,1748754834
user58,movie23,share,1748714429
user31,movie14,watch,1747599484
user76,movie45,share,1746998298
user43,movie9,share,1747302995
user46,movie3,like,1749370041
user51,movie22,like,1747003354
user34,movie31,like,1747776280
user76,movie13,watch,1748912375
user50,movie4,like,1748342856
user43,movie33,share,1748542011
user58,movie1,share,1747370186
user78,movie16,like,1748236633
user100,movie37,like,1747914928
user12,movie13,watch,1749246630
user36,movie34,like,1746913978
user17,movie23,watch,1747040926
user25,movie31,share,1748430067
user44,movie26,share,1749184080
user13,movie40,like,1747722827
user31,movie15,share,1748728349
user13,movie18,like,1747593863
user84,movie43,like,1747366068
user95,movie18,like,1746929818
user16,movie35,watch,1749340402
user36,movie37,watch,1748478262
user95,movie49,share,1749316524
user86,movie3,share,1748587477
user69,movie23,like,1747850682
user39,movie23,watch,1747163105
user51,movie18,like,1748425548
user33,movie4,share,1748928840
user74,movie33,watch,1748901523
user27,movie3,share,1748576574
user50,movie14,share,1748583126
user85,movie4,share,1747387646
user24,movie44,watch,1749008348
user27,movie32,like,1747188579
user89,movie12,share,1747242179
user95,movie22,share,1747725226
user29,movie31,like,1748660907
user86,movie47,share,1747247479
user88,movie36,share,1747813264
user98,movie13,like,1747105171
user23,movie7,like,1748341810
user65,movie13,like,1746998760
user79,movie37,share,1747421022
user15,movie33,watch,1749368015
user69,movie42,watch,1748319001
user27,movie6,like,1748566076
user40,movie36,watch,1748134225
user41,movie5,watch,1749312110
user71,movie17,watch,1748550167
user89,movie50,like,1747193496
user93,movie28,share,1747739642
user58,movie40,watch,1747504898
user59,movie34,watch,1747304266
user41,movie22,watch,1748641622
user34,movie20,watch,1748581267
user57,movie20,like,1749145184
user68,movie13,watch,1747324366
user35,movie49,share,1747317129
user2,movie9,like,1748497893
user32,movie36,like,1747146401
user34,movie3,like,1748900002
user80,movie40,share,1748420505
user14,movie18,watch,1747003517
user16,movie15,like,1747463612
user2,movie39,like,1747125510
user31,movie25,watch,1747072365
user41,movie31,like,1748524448
user44,movie47,share,1747472469
user3,movie25,share,1748377574
user61,movie18,like,1746956331
user73,movie29,like,1748789753
user63,movie38,share,1747122158
user59,movie48,watch,1748190228
user41,movie6,watch,1749094636
user100,movie25,watch,1748827695
user53,movie23,share,1747179887
user90,movie32,watch,1747776860
user97,movie2,watch,1748109413
user24,movie50,watch,1747473160
user95,movie14,share,1748041263
user73,movie45,like,1747991417
user8,movie32,like,1749432765
user46,movie43,watch,1748648781
user47,movie29,watch,1747645643
user21,movie33,share,1748731102
user89,movie2,share,1748145194
user4,movie26,watch,1747858172
user52,movie10,watch,1747968793
user69,movie19,like,1749301323
user34,movie7,share,1747043561
user68,movie3,share,1747060679
user28,movie41,like,1748627196
user37,movie11,watch,1747594151
user42,movie21,share,1748988658
user62,movie16,watch,1747542106
user32,movie27,like,1747288843
user12,movie37,share,1747830419
user89,movie7,watch,1749236253
user76,movie45,watch,1748875610
user76,movie39,watch,1748980717
user91,movie24,like,1748007132
user93,movie33,like,1747136719
user87,movie46,share,1748922300
user41,movie50,share,1749203641
user26,movie41,like,1748800059
user87,movie34,like,1749083434
user57,movie49,share,1749096733
user99,movie42,share,1748350428
user2,movie19,watch,1747831323
user71,movie35,watch,1747500061
user79,movie48,share,1748526276
user48,movie46,share,1747181914
user5,movie41,like,1749129302
user57,movie27,like,1747813553
user31,movie1,like,1747264907
user2,movie27,share,1748212279
user83,movie41,share,1749228516
user2,movie22,watch,1748604127
user62,movie9,share,1747720798
user74,movie28,share,1747627287
user96,movie35,watch,1748389017
user86,movie13,watch,1748971378
user55,movie13,watch,1749430324
user91,movie50,share,1749306214
user17,movie43,watch,1746926426
user54,movie36,watch,1747827500
user44,movie16,share,1748587273
user73,movie2,like,1749224210
user29,movie30,watch,1749352308
user46,movie30,watch,1747509023
user14,movie17,like,1748167722
user51,movie11,like,1747582838
user89,movie32,share,1748763011
user6,movie49,like,1747526846
user98,movie37,watch,1748043730
user41,movie13,like,1748698954
user42,movie9,watch,1747897106
user13,movie16,like,1747871155
user22,movie18,share,1748863941
user39,movie29,watch,1748048073
user29,movie23,share,1748707599
user36,movie38,watch,1746908252
user58,movie28,watch,1749044765
user82,movie46,like,1749028085
user81,movie43,share,1747935275
user2,movie33,like,1747632388
user38,movie3,watch,1749376831
user19,movie36,share,1746971327
user94,movie29,watch,1748103271
user17,movie5,watch,1747078014
user45,movie50,share,1749420705
user62,movie23,watch,1746933056
user60,movie31,like,1747174045
user26,movie50,watch,1749212028
user97,movie19,watch,1749410225
user85,movie9,watch,1748449593
user87,movie46,share,1747702715
user54,movie12,share,1748777884
user60,movie50,share,1748185170
user24,movie8,share,1748847951
user16,movie39,share,1747856709
user10,movie27,share,1748220842
user56,movie36,watch,1748890327
user25,movie17,like,1747909896
user55,movie38,like,1749226178
user90,movie28,watch,1749279761
user32,movie20,watch,1747649259
user67,movie46,share,1748997331
user75,movie18,watch,1748587587
user90,movie10,watch,1747549995
user20,movie2,like,1748251871
user20,movie24,like,1747833031
user36,movie24,share,1748643037
user58,movie6,like,1748009745
user54,movie4,like,1747518071
user22,movie10,like,1746984577
user66,movie24,watch,1747493882
user80,movie39,share,1749230016
user29,movie32,share,1747411811
user67,movie36,like,1747122452
user12,movie12,like,1747223607
user12,movie44,share,1748965185
user36,movie9,watch,1748514847
user2,movie42,like,1748701717
user70,movie45,like,1747639948
user1,movie38,like,1748434029
user1,movie4,share,1746912421
user86,movie24,watch,1747193453
user10,movie30,share,1748397950
user17,movie18,watch,1748634929
user67,movie20,like,1748128993
user75,movie38,like,1749295196
user91,movie18,share,1747395134
user70,movie47,watch,1748664684
user90,movie44,share,1749060997
user17,movie32,share,1747521978
user49,movie21,share,1747529514
user53,movie43,share,1749426389
user92,movie1,like,1748629321
user87,movie29,watch,1748373429
user63,movie46,watch,1748354335
user1,movie15,watch,1748289306
user98,movie46,like,1748675385
user17,movie34,like,1749340304
user66,movie28,watch,1748038255
user92,movie37,like,1749332642
user11,movie14,watch,1746956568
user75,movie30,like,1749404721
user33,movie7,watch,1747418521
user3,movie27,watch,1747697179
user15,movie21,like,1747116675
user64,movie1,watch,1747083750
user99,movie39,watch,1747175728
user78,movie15,like,1747647760
user43,movie44,watch,1747449144
user46,movie48,share,1746862772
user96,movie36,watch,1747000711
user21,movie33,watch,1746927489
user68,movie27,share,1749214787
user57,movie23,share,1748967524
user45,movie31,like,1749131725
user21,movie36,watch,1748359127
user29,movie26,like,1747010826
user40,movie12,watch,1747508572
user84,movie35,share,1748857812
user63,movie8,like,1747223602
user44,movie40,like,1748793730
user24,movie42,share,1747379848
user67,movie14,like,1748995285
user6,movie43,watch,1747177507
user50,movie45,watch,1747077835
user97,movie17,watch,1747228666
user42,movie17,share,1749267763
user80,movie48,like,1749162311
user22,movie40,watch,1748606665
user43,movie24,watch,1747934357
user50,movie50,share,1749116811
user3,movie10,share,1748569146
user22,movie13,share,1748315415
user30,movie32,like,1749020003
user33,movie30,share,1747413760
user78,movie20,like,1748227619
user56,movie22,like,1748153133
user10,movie15,watch,1746964440
user78,movie41,like,1749428992
user84,movie17,share,1749048362
user10,movie48,watch,1747319999
user96,movie36,like,1748639938
user64,movie4,like,1748403949
user77,movie23,watch,1748621468
user2,movie14,like,1747227421
user9,movie17,like,1747320886
user52,movie18,share,1747526254
user10,movie42,share,1748514293
user66,movie17,watch,1749395979
user22,movie30,like,1747431803
user21,movie39,like,1748098297
user92,movie48,like,1748090728
user38,movie42,watch,1747531227
user9,movie42,like,1749079475
user19,movie47,watch,1749080218
user76,movie48,watch,1748224523
user39,movie39,like,1747953400
user7,movie18,share,1747536109
user61,movie42,like,1748326591
user79,movie45,like,1747450865
user93,movie11,share,1747010648
user56,movie46,like,1748755217
user52,movie27,watch,1748431596
user71,movie34,share,1746946237
user10,movie49,share,1746931719
user58,movie29,share,1747049208
user42,movie20,share,1747419999
user8,movie25,watch,1747122559
user56,movie20,watch,1747376481
user53,movie36,watch,1749102859
user53,movie11,like,1748707783
user85,movie37,like,1747915432
user95,movie25,like,1748560255
user61,movie34,watch,1749279960
user5,movie48,like,1749372844
user38,movie13,share,1748156688
user61,movie28,share,1748165411
user66,movie44,watch,1747186086
user25,movie27,like,1749142750
user1,movie38,like,1748211040
user37,movie43,like,1748118492
user80,movie13,share,1748640683
user35,movie43,like,1749319718
user1,movie33,share,1748620831
user11,movie27,watch,1748569556
user38,movie21,share,1747600172
user30,movie12,like,1748697777
user97,movie50,share,1748202101
user83,movie33,like,1746986157
user86,movie3,share,1747072333
user15,movie22,watch,1747659183
user62,movie11,share,1747304838
user30,movie21,like,1746939492
user21,movie38,watch,1748278399
user25,movie35,watch,1749032956
user5,movie19,like,1748113451
user99,movie24,share,1748244518
user29,movie27,watch,1746996478
user58,movie10,share,1749030689
user88,movie35,share,1748321779
user70,movie21,like,1748103252
user61,movie32,like,1748287916
user81,movie42,share,1747099237
user27,movie29,watch,1747220840
user11,movie48,share,1747535959
user4,movie7,like,1746990428
user44,movie26,like,1748973623
user58,movie3,share,1747210388
user71,movie45,like,1748814466
user27,movie46,watch,1748011085
user13,movie37,share,1748208876
user84,movie11,like,1748648844
user52,movie9,share,1749351633
user98,movie4,like,1747921661
user85,movie19,share,1747641565
user22,movie33,watch,1749197431
user56,movie36,watch,1748226855
user19,movie14,share,1748402762
user9,movie30,share,1748497805
user20,movie48,share,1749043286
user58,movie2,share,1747898793
user38,movie4,like,1747536859
user58,movie3,share,1747643350
user64,movie11,like,1748540973
user100,movie29,like,1748908466
user88,movie50,watch,1748953007
user40,movie45,watch,1747755488
user17,movie39,watch,1747767063
user85,movie48,watch,1746933303
user72,movie38,share,1747834936
user100,movie10,watch,1748057266
user68,movie35,like,1747621057
user67,movie1,watch,1749427424
user25,movie46,watch,1748129940
user67,movie45,share,1747457676
user96,movie22,like,1747387453
user46,movie14,watch,1746987127
user43,movie33,share,1747311332
user90,movie3,watch,1747755563
user51,movie35,like,1747170826
user85,movie27,watch,1747414118
user94,movie38,watch,1749362227
user27,movie10,like,1747548647
user14,movie19,like,1747823672
user45,movie33,like,1748387700
user42,movie40,watch,1748007510
user13,movie6,like,1747243071
user71,movie13,share,1748084845
user1,movie47,watch,1748900333
user15,movie39,like,1748050927
user55,movie27,watch,1747203940
user12,movie14,like,1746913582
user85,movie49,watch,1748169713
user8,movie47,share,1749133913
user47,movie9,watch,1748709557
user5,movie41,watch,1746984498
user100,movie39,like,1749200246
user7,movie44,like,1749146661
user18,movie38,like,1746882028
user58,movie19,like,1747439030
user49,movie12,like,1747196122
user84,movie23,watch,1749228143
user55,movie36,share,1748187368
user1,movie5,watch,1749316120
user82,movie28,watch,1746962061
user24,movie36,like,1747886441
user59,movie15,watch,1748651606
user32,movie50,watch,1749385738
user61,movie43,like,1748584525
user57,movie49,share,1748698438
user14,movie49,share,1747866124
user86,movie48,like,1749045745
user37,movie10,like,1749288920
user95,movie24,watch,1748823231
user39,movie28,watch,1747363310
user52,movie47,share,1747323043
user1,movie42,like,1749069151
user56,movie17,share,1748047622
user42,movie4,watch,1747978887
user25,movie31,watch,1748772618
user73,movie31,like,1747813745
user39,movie12,share,1749396595
user13,movie9,like,1749390797
user52,movie46,like,1747433564
user21,movie43,watch,1747776922
user20,movie49,share,1748930970
user65,movie27,watch,1748332585
user27,movie43,share,1747956182
user59,movie22,watch,1749190635
user59,movie33,like,1748257182
user71,movie12,share,1747258398
user100,movie17,like,1748661810
user72,movie2,like,1747877484
user84,movie18,watch,1746937613
user50,movie14,like,1748541607
user71,movie25,share,1748947325
user17,movie23,like,1748325433
user23,movie26,share,1747447780
user31,movie20,like,1747184291
user66,movie18,share,1748069273
user11,movie2,watch,1749386550
user85,movie44,like,1748606033
user13,movie13,share,1747388774
user10,movie15,watch,1749213601
user85,movie13,share,1748061589
user41,movie9,watch,1747016133
user1,movie44,like,1747371591
user29,movie14,share,1747945642
user100,movie9,share,1747049919
user47,movie9,watch,1749172488
user87,movie30,watch,1746962205
user50,movie7,watch,1748811877
user49,movie47,watch,1747393413
user23,movie5,watch,1747589787
user17,movie18,share,1748643409
user76,movie4,watch,1747639498
user80,movie47,share,1747191993
user7,movie42,like,1748163618
user49,movie9,watch,1748312602
user37,movie21,watch,1748093499
user58,movie16,watch,1748968368
user9,movie47,share,1748536362
user49,movie8,share,1747610093
user4,movie12,like,1748767613
user68,movie48,watch,1748353240
user75,movie30,share,1748764013
user67,movie34,share,1748942522
user49,movie46,watch,1747789337
user70,movie4,share,1749288264
user76,movie6,share,1748577102
user44,movie15,like,1746980204
user2,movie33,like,1747998371
user62,movie38,like,1748188196
user8,movie12,share,1747506732
user15,movie33,watch,1748384359
user22,movie38,like,1747454798
user57,movie13,like,1747960343
user25,movie17,watch,1749173919
user81,movie37,share,1746975558
user91,movie28,watch,1747595937
user89,movie38,share,1747594143
user2,movie2,watch,1747057911
user22,movie12,share,1747741185
user8,movie32,like,1748771987
user100,movie35,like,1746995058
user78,movie16,like,1748679909
user5,movie2,watch,1747817015
user14,movie8,share,1747574414
user58,movie16,like,1747392079
user100,movie50,like,1747641356
user49,movie26,share,1747873969
user7,movie19,watch,1748740521
user63,movie8,like,1748716007
user80,movie32,share,1747680262
user71,movie38,watch,1747594934
user61,movie7,share,1747462450
user83,movie13,share,1748140312
user42,movie21,watch,1747146737
user5,movie46,share,1748294974
user32,movie45,share,1749043907
user53,movie37,like,1748476016
user68,movie5,watch,1749191395
user52,movie48,watch,1748214644
user59,movie36,share,1747814997
user76,movie39,like,1748595039
user12,movie40,share,1749339187
user55,movie40,share,1747776716
user56,movie11,like,1748283436
user68,movie4,like,1748372556
user27,movie35,like,1747589171
user51,movie22,share,1749385065
user63,movie20,like,1747760263
user93,movie15,watch,1748796774
user74,movie39,watch,1747407387
user56,movie14,watch,1747317101
user48,movie28,watch,1747213290
user8,movie19,share,1749177991
user45,movie20,like,1748684995
user85,movie31,like,1747886314
user3,movie42,like,1747569684
user82,movie28,like,1747988882
user78,movie34,share,1748927096
user40,movie29,like,1748469723
user13,movie5,like,1747152668
user22,movie25,watch,1748128317
user30,movie25,watch,1748381549
user54,movie46,watch,1749307063
user38,movie10,share,1748265764
user72,movie21,like,1748802961
user4,movie19,watch,1748232463
user71,movie50,watch,1748681079
user64,movie45,like,1748546204
user35,movie17,like,1748417488
user53,movie28,watch,1748350729
user29,movie38,share,1748541645
user4,movie17,share,1748094336
user92,movie47,like,1749138390
user16,movie48,like,1747672253
user97,movie45,like,1749354445
user18,movie38,share,1748621107
user64,movie45,share,1747917105
user94,movie1,watch,1746902917
user28,movie36,share,1747514621
user60,movie28,watch,1748182991
user35,movie19,like,1748730708
user78,movie14,share,1748460792
user60,movie39,like,1749167698
user82,movie41,watch,1747810446
user23,movie28,like,1749229583
user26,movie19,like,1748463272
user56,movie1,share,1748800521
user76,movie48,watch,1748151120
user69,movie1,share,1747517248
user19,movie47,share,1747237382
user61,movie50,share,1748699952
user91,movie22,share,1749392687
user58,movie7,share,1747417301
user14,movie42,watch,1747042064
user8,movie2,watch,1749289831
user90,movie6,share,1748954998
user83,movie6,watch,1748782634
user29,movie35,like,1747149055
user55,movie17,share,1749313055
user19,movie12,share,1747552992
user75,movie41,share,1747605460
user81,movie38,watch,1747004510
user80,movie18,watch,1748012674
user84,movie36,share,1748248675
user16,movie13,watch,1749066400
user59,movie26,share,1748994227
user94,movie12,share,1749292081
user1,movie14,watch,1748910928
user22,movie46,like,1749068643
user89,movie41,watch,1747508716
user5,movie40,share,1748970933
user56,movie20,watch,1748420791
user91,movie5,share,1748947578
user72,movie34,watch,1748281774
user35,movie3,share,1748008277
user43,movie41,watch,1747757730
user61,movie34,share,1746928381
user79,movie13,share,1749158347
user14,movie2,watch,1747982972
user15,movie24,like,1748670183
user16,movie5,like,1748443199
user69,movie32,watch,1748398949
user1,movie48,watch,1747727851
user49,movie29,watch,1749172139
user3,movie28,share,1748224337
user96,movie45,watch,1746909944
user49,movie45,share,1748843016
user33,movie17,share,1748873335
user27,movie6,like,1747976609
user16,movie26,share,1749262074
user100,movie6,watch,1749284220
user62,movie23,like,1748844279
user1,movie33,like,1746991644
user76,movie13,watch,1746986608
user49,movie27,watch,1747636627
user9,movie38,share,1746998101
user25,movie46,watch,1749377153
user21,movie32,like,1747166526
user28,movie29,share,1747273075
user70,movie47,watch,1748896913
user34,movie6,like,1747391540
user85,movie18,share,1747652831
user74,movie21,like,1747443227
user31,movie20,share,1748105943
user7,movie41,watch,1749143912
user94,movie25,watch,1749056805
user49,movie19,share,1749443488
user74,movie26,watch,1749302369
user61,movie48,watch,1747936692
user21,movie43,share,1748742509
user16,movie1,share,1747701455
user33,movie17,share,1748238843
user33,movie13,share,1747483813
user89,movie34,like,1748304634
user84,movie15,watch,1747937152
user21,movie46,watch,1749226416
user10,movie50,watch,1748963717
user59,movie42,like,1749345829
user68,movie33,share,1747364237
user48,movie38,watch,1748225247
user5,movie15,watch,1749222302
user64,movie36,share,1747998502
user74,movie38,like,1748328663
user75,movie43,like,1748664215
user23,movie39,share,1749210192
user96,movie14,watch,1747232353
user40,movie2,watch,1746865989
user86,movie28,like,1747033903
user39,movie23,share,1748949467
user66,movie10,watch,1748285854
user23,movie5,share,1747158251
user32,movie2,like,1747587363
user66,movie43,watch,1749379466
user42,movie21,watch,1749296733
user78,movie26,like,1748383163
user78,movie2,like,1747793149
user96,movie7,watch,1748705123
user33,movie20,share,1747894360
user3,movie36,like,1747035787
user57,movie27,like,1748201700
user22,movie38,share,1747350855
user14,movie8,like,1748617974
user47,movie12,like,1748274297
user58,movie26,like,1748876088
user3,movie35,share,1748841376
user2,movie32,watch,1747377290
user50,movie41,share,1747099376
user19,movie38,watch,1748883695
user80,movie1,watch,1748289005
user48,movie20,share,1748000976
user76,movie19,share,1748808006
user48,movie31,watch,1747366193
user60,movie34,watch,1748401156
user12,movie18,like,1746944938
user69,movie12,like,1749148279
user22,movie3,share,1747445443
user68,movie5,share,1747852054
user59,movie44,watch,1749119093
user83,movie13,watch,1747474526
user10,movie18,like,1748875179
user4,movie32,watch,1747961913
user36,movie32,share,1746863729
user72,movie20,share,1747206063
user39,movie21,like,1748819760
user41,movie18,share,1748497020
user37,movie2,like,1747293121
user85,movie13,like,1747832167
user21,movie10,watch,1747846767
user60,movie27,share,1749141340
user90,movie34,watch,1748057172
user29,movie43,like,1749271222
user35,movie38,watch,1747389533
user37,movie25,share,1748504032
user20,movie40,share,1748479704
user35,movie16,share,1747102079
user73,movie17,watch,1749136570
user58,movie41,watch,1747734183
user95,movie44,watch,1748940253
user14,movie24,watch,1747578674
user73,movie39,share,1748471382
user55,movie39,share,1747671052
user56,movie50,share,1747166296
user62,movie28,like,1749111982
user22,movie49,share,1746986305
user23,movie48,share,1748965348
user19,movie26,share,1749038398
user35,movie11,share,1748365117
user15,movie3,like,1747351645
user80,movie1,like,1749096575
user11,movie44,like,1748891797
user84,movie48,share,1747256932
user70,movie36,like,1746942800
user79,movie9,like,1748390002
user32,movie1,share,1748502275
user76,movie36,like,1749206156
user94,movie32,watch,1747245353
user47,movie3,watch,1748383222
user49,movie12,share,1747110575
user34,movie45,share,1749432037
user74,movie22,share,1748865913
user88,movie42,share,1748423104
user28,movie48,share,1747358817
user35,movie20,watch,1748145078
user99,movie18,like,1747813297
user50,movie25,like,1747177777
user69,movie7,share,1748342010
user74,movie23,share,1747537149
user69,movie4,like,1747773331
user82,movie22,share,1747286467
user86,movie21,watch,1747218437
user81,movie45,share,1747978450
user97,movie10,share,1748131948
user31,movie1,share,1747140872
user17,movie29,watch,1747862401
user13,movie4,share,1747223379
user41,movie20,like,1749177603
user64,movie17,watch,1747759446
user25,movie42,like,1748542541
user54,movie47,like,1748506962
user82,movie10,like,1747177925
user14,movie20,share,1749411655
user4,movie35,watch,1747412275
user39,movie8,share,1748119959
user9,movie47,like,1747897833
user78,movie47,share,1746934759
user91,movie21,share,1748979456
user46,movie35,watch,1748272522
user38,movie35,share,1749333416
user5,movie38,watch,1748038319
user82,movie27,share,1747262748
user22,movie20,share,1748036631
user12,movie47,watch,1747487044
user51,movie36,share,1748452172
user98,movie20,watch,1748087660
user7,movie20,watch,1747550225
user42,movie17,like,1748613562
user36,movie40,share,1747749380
user69,movie15,watch,1748695289
user30,movie20,watch,1748784555
user70,movie26,share,1747391112
user99,movie4,like,1748631127
user20,movie31,watch,1748378975
user5,movie23,watch,1749094282
user57,movie34,like,1746957731
user16,movie26,like,1748462520
user8,movie9,like,1747617137
user75,movie17,share,1748765544
user36,movie10,share,1749387128
user69,movie1,watch,1748986526
user90,movie13,like,1748704619
user18,movie8,watch,1749279733
user48,movie33,like,1747243822
user61,movie43,watch,1748249986
user48,movie30,watch,1748378964
user44,movie21,share,1747066458
user71,movie24,share,1747797704
user97,movie36,like,1747398050
user7,movie1,share,1747655354
user27,movie46,like,1747007003
user95,movie26,like,1748538830
user30,movie29,watch,1749001571
user19,movie13,share,1748334006
user1,movie28,watch,1749352829
user60,movie1,watch,1746871423
user83,movie5,watch,1747489124
user60,movie4,watch,1747311036
user28,movie34,share,1748528558
user48,movie7,watch,1748596203
user48,movie8,share,1747002192
user24,movie23,like,1748391288
user30,movie9,watch,1748445732
user70,movie5,like,1748318182
user9,movie40,share,1748168808
user59,movie17,watch,1747577342
user11,movie49,watch,1748438921
user84,movie31,like,1749286541
user1,movie15,like,1748900348
user62,movie26,share,1748098239
user48,movie10,watch,1746932507
user25,movie30,share,1748024801
user94,movie11,share,1748013036
user98,movie18,like,1748906588
user90,movie26,share,1747015703
user69,movie40,watch,1748588940
user11,movie48,watch,1749263402
user7,movie18,share,1747989514
user63,movie20,share,1747936745
user56,movie2,watch,1747759099
user36,movie24,like,1747440283
user97,movie33,watch,1748577281
user55,movie1,watch,1747963256
user52,movie28,share,1747541956
user37,movie46,share,1748402696
user83,movie19,watch,1748530638
user82,movie1,watch,1747138617
user90,movie14,watch,1748870783
user63,movie7,share,1747170927
user50,movie29,share,1747728438
user26,movie1,like,1749079704
user71,movie31,watch,1747613118
user24,movie3,watch,1749265844
user98,movie42,watch,1746994856
user71,movie13,share,1749286815
user43,movie16,share,1747313856
user45,movie14,share,1748437936
user85,movie3,like,1747014442
user10,movie3,like,1748762948
user24,movie15,like,1749201470
user100,movie16,like,1747384528
user84,movie36,share,1749217008
user74,movie45,like,1748009464
user70,movie44,watch,1747501182
user89,movie36,watch,1747928456
user79,movie11,share,1749304509
user93,movie35,like,1746879647
user25,movie7,share,1749380353
user11,movie38,like,1748868739
user14,movie3,watch,1748749380
user50,movie48,watch,1747932373
user48,movie38,watch,1747566285
user15,movie9,share,1749173169
user3,movie41,share,1747042182
user52,movie18,share,1748390214
user94,movie19,like,1749063259
user32,movie43,watch,1749033863
user36,movie33,watch,1748739094
user27,movie10,share,1748283581
user97,movie29,share,1749013325
user85,movie30,share,1748978682
user23,movie26,like,1748697052
user70,movie28,like,1749243811
user56,movie11,like,1749118427
user97,movie16,share,1748640604
user88,movie23,like,1747651801
user46,movie36,like,1748602592
user76,movie42,share,1747404543
user53,movie28,like,1747849927
user69,movie50,watch,1747603995
user18,movie28,watch,1748325905
user26,movie50,share,1747612361
user52,movie14,share,1747343144
user43,movie40,like,1749242762
user23,movie26,share,1748267348
user14,movie9,watch,1747741233
user11,movie13,like,1748857411
user64,movie36,like,1748753826
user91,movie43,share,1749378730
user47,movie45,watch,1747543253
user56,movie24,watch,1748820171
user5,movie44,share,1748259500
user12,movie49,like,1748877057
user72,movie34,share,1749165432
user85,movie46,like,1748029859
user58,movie50,watch,1748860050
user96,movie29,watch,1749049370
user81,movie7,like,1749209972
user29,movie30,watch,1748257373
user85,movie16,like,1749015113
user61,movie6,watch,1748035719
user84,movie29,like,1748216769
user63,movie28,like,1747348668
user44,movie4,watch,1746994297
user31,movie22,share,1747647517
user74,movie20,share,1748497052
user27,movie42,watch,1748025099
user19,movie19,share,1748676348
